Date,Equity
2021-01-01,100000.0
2021-01-04,100000.0
2021-01-05,100000.0
2021-01-06,100000.0
2021-01-07,100000.0
2021-01-08,100000.0
2021-01-11,100000.0
2021-01-12,100000.0
2021-01-13,100000.0
2021-01-14,100000.0
2021-01-15,100000.0
2021-01-18,100000.0
2021-01-19,100000.0
2021-01-20,100000.0
2021-01-21,100000.0
2021-01-22,100000.0
2021-01-25,100000.0
2021-01-26,100000.0
2021-01-27,100000.0
2021-01-28,100000.0
2021-01-29,100000.0
2021-02-01,100000.0
2021-02-02,100000.0
2021-02-03,100000.0
2021-02-04,100000.0
2021-02-05,100000.0
2021-02-08,100000.0
2021-02-09,100000.0
2021-02-10,100000.0
2021-02-11,100000.0
2021-02-12,100000.0
2021-02-15,100000.0
2021-02-16,100000.0
2021-02-17,100000.0
2021-02-18,100000.0
2021-02-19,100000.0
2021-02-22,100000.0
2021-02-23,100000.0
2021-02-24,100000.0
2021-02-25,100000.0
2021-02-26,100000.0
2021-03-01,100000.0
2021-03-02,100000.0
2021-03-03,100000.0
2021-03-04,100000.0
2021-03-05,100000.0
2021-03-08,100000.0
2021-03-09,100000.0
2021-03-10,100000.0
2021-03-11,100000.0
2021-03-12,100000.0
2021-03-15,100000.0
2021-03-16,100000.0
2021-03-17,100000.0
2021-03-18,100000.0
2021-03-19,100000.0
2021-03-22,100000.0
2021-03-23,100000.0
2021-03-24,100000.0
2021-03-25,100000.0
2021-03-26,100000.0
2021-03-29,100000.0
2021-03-30,100000.0
2021-03-31,100000.0
2021-04-01,100000.0
2021-04-02,100000.0
2021-04-05,100000.0
2021-04-06,100000.0
2021-04-07,100000.0
2021-04-08,100000.0
2021-04-09,100000.0
2021-04-12,100000.0
2021-04-13,100000.0
2021-04-14,100000.0
2021-04-15,100000.0
2021-04-16,100000.0
2021-04-19,100000.0
2021-04-20,100000.0
2021-04-21,100000.0
2021-04-22,100000.0
2021-04-23,100000.0
2021-04-26,100000.0
2021-04-27,100000.0
2021-04-28,100000.0
2021-04-29,100000.0
2021-04-30,100000.0
2021-05-03,100000.0
2021-05-04,100000.0
2021-05-05,100000.0
2021-05-06,100000.0
2021-05-07,100000.0
2021-05-10,100000.0
2021-05-11,100000.0
2021-05-12,100000.0
2021-05-13,100000.0
2021-05-14,100000.0
2021-05-17,100000.0
2021-05-18,100000.0
2021-05-19,100000.0
2021-05-20,100000.0
2021-05-21,100000.0
2021-05-24,100000.0
2021-05-25,100000.0
2021-05-26,100000.0
2021-05-27,100000.0
2021-05-28,100000.0
2021-05-31,100000.0
2021-06-01,100000.0
2021-06-02,100000.0
2021-06-03,100000.0
2021-06-04,100000.0
2021-06-07,100000.0
2021-06-08,100000.0
2021-06-09,99316.04916793705
2021-06-10,96275.75935747522
2021-06-11,98809.49537492936
2021-06-14,101342.9388356129
2021-06-15,103876.4838836298
2021-06-16,106410.21990108397
2021-06-17,108943.8720792346
2021-06-18,111477.12457048087
2021-06-21,114010.86058793502
2021-06-22,116544.40563595193
2021-06-23,119078.1416534061
2021-06-24,121611.58511408961
2021-06-25,124145.1301621065
2021-06-28,126678.86617956066
2021-06-29,128073.50664822501
2021-06-30,128073.50664822501
2021-07-01,128073.50664822501
2021-07-02,128073.50664822501
2021-07-05,128073.50664822501
2021-07-06,128073.50664822501
2021-07-07,128073.50664822501
2021-07-08,128073.50664822501
2021-07-09,128073.50664822501
2021-07-12,128073.50664822501
2021-07-13,128073.50664822501
2021-07-14,128073.50664822501
2021-07-15,128073.50664822501
2021-07-16,128073.50664822501
2021-07-19,128073.50664822501
2021-07-20,128073.50664822501
2021-07-21,128073.50664822501
2021-07-22,128073.50664822501
2021-07-23,128073.50664822501
2021-07-26,128073.50664822501
2021-07-27,128073.50664822501
2021-07-28,128073.50664822501
2021-07-29,128073.50664822501
2021-07-30,128073.50664822501
2021-08-02,128073.50664822501
2021-08-03,128073.50664822501
2021-08-04,128073.50664822501
2021-08-05,128073.50664822501
2021-08-06,128073.50664822501
2021-08-09,128073.50664822501
2021-08-10,128073.50664822501
2021-08-11,128073.50664822501
2021-08-12,128073.50664822501
2021-08-13,128073.50664822501
2021-08-16,128073.50664822501
2021-08-17,128073.50664822501
2021-08-18,128073.50664822501
2021-08-19,128073.50664822501
2021-08-20,128073.50664822501
2021-08-23,127687.15600176799
2021-08-24,128456.07040664973
2021-08-25,128562.98394318923
2021-08-26,128261.8823110405
2021-08-27,128081.961095925
2021-08-30,128970.64684322332
2021-08-31,129567.91834636248
2021-09-01,130054.4013577663
2021-09-02,130247.26844592241
2021-09-03,129698.87421854884
2021-09-06,129650.61341292804
2021-09-07,129172.93711787838
2021-09-08,130238.3736624047
2021-09-09,129698.96228571239
2021-09-10,129031.32511890348
2021-09-13,128208.51360993428
2021-09-14,128627.97750988294
2021-09-15,127797.32802335854
2021-09-16,128115.69081956144
2021-09-17,128275.79692288008
2021-09-20,128189.0507667916
2021-09-21,129457.12985462713
2021-09-22,129189.4937446242
2021-09-23,129463.38262323859
2021-09-24,128837.2250904578
2021-09-27,128445.85461567891
2021-09-28,128844.0062620505
2021-09-29,128466.11006329348
2021-09-30,128465.58166031222
2021-10-01,128830.7081203557
2021-10-04,128889.36085127442
2021-10-05,128693.76368104853
2021-10-06,128738.06146430995
2021-10-07,127676.49987497946
2021-10-08,127554.8791221285
2021-10-11,128094.29049882083
2021-10-12,128987.55573862331
2021-10-13,129362.01731800221
2021-10-14,129459.06733222505
2021-10-15,129563.77918967602
2021-10-18,129181.12736408776
2021-10-19,129695.43959917071
2021-10-20,130186.32596875161
2021-10-21,129918.0733886039
2021-10-22,129117.89514066488
2021-10-25,129359.55143742304
2021-10-26,130031.15162659131
2021-10-27,129811.68825504564
2021-10-28,129969.24041062157
2021-10-29,130204.90814025889
2021-11-01,130748.63480796476
2021-11-02,131044.10014164684
2021-11-03,130556.82452577114
2021-11-04,131029.74519398954
2021-11-05,130885.40311294486
2021-11-08,130919.30897090837
2021-11-09,131419.88272847887
2021-11-10,130426.22092223895
2021-11-11,130906.36309786775
2021-11-12,130340.44350494942
2021-11-15,130048.23665631838
2021-11-16,130706.27450230124
2021-11-17,131372.590661657
2021-11-18,130940.0928215042
2021-11-19,130399.09623586813
2021-11-22,129601.29580134474
2021-11-23,129171.7041775888
2021-11-24,130016.70861177047
2021-11-25,130132.5169318277
2021-11-26,129622.51998775828
2021-11-29,129570.91262992288
2021-11-30,128890.85799305463
2021-12-01,128862.14809774006
2021-12-02,129236.78581144605
2021-12-03,128524.85086137571
2021-12-06,128983.0643132827
2021-12-07,129814.77060576959
2021-12-08,130321.42099762443
2021-12-09,130045.15430559442
2021-12-10,130561.75628692948
2021-12-13,130055.54623089233
2021-12-14,129514.46157809271
2021-12-15,130661.36024889501
2021-12-16,129996.45316415592
2021-12-17,129589.49480143018
2021-12-20,129474.47908584483
2021-12-21,129539.03231672083
2021-12-22,130246.387774287
2021-12-23,130687.07586064917
2021-12-24,131438.2006984955
2021-12-27,131881.53079976395
2021-12-28,132064.00596262212
2021-12-29,131303.63407260395
2021-12-30,131402.7976987518
2021-12-31,131019.96973883643
2022-01-03,130646.21269676587
2022-01-04,130510.50119774826
2022-01-05,131650.0902939766
2022-01-06,132224.46433459493
2022-01-07,132823.4091138414
2022-01-10,132224.8166032491
2022-01-11,132243.39877475638
2022-01-12,132138.42271581478
2022-01-13,132321.42628165425
2022-01-14,132810.5513079643
2022-01-17,132749.3446293029
2022-01-18,132836.26691971847
2022-01-19,133235.73957354316
2022-01-20,133490.34174334194
2022-01-21,133979.29063532493
2022-01-24,132388.26925878233
2022-01-25,131850.7953596879
2022-01-26,131782.89557659734
2022-01-27,131238.3763044196
2022-01-28,130661.36024889501
2022-01-31,129295.70274385538
2022-02-01,129655.63324124992
2022-02-02,129498.69755581877
2022-02-03,129031.94158904828
2022-02-04,129931.72379895284
2022-02-07,129701.86850210925
2022-02-08,130170.47387931412
2022-02-09,130310.41260218172
2022-02-10,130658.27789817107
2022-02-11,129570.38422694165
2022-02-14,129500.72310058023
2022-02-15,129285.66308721164
2022-02-16,129658.3633233197
2022-02-17,131134.54511860406
2022-02-18,131984.5693811076
2022-02-21,132723.9812862029
2022-02-22,131900.64137425247
2022-02-23,132038.64261952214
2022-02-24,131922.7462323014
2022-02-25,131148.8119990978
2022-02-28,131342.7358932164
2022-03-01,131914.0275831108
2022-03-02,132116.58205925647
2022-03-03,132651.3258762811
2022-03-04,133437.501445217
2022-03-07,133237.500916814
2022-03-08,134385.8967293965
2022-03-09,133895.36262846977
2022-03-10,133784.39800240737
2022-03-11,133773.91800994592
2022-03-14,133536.31280271066
2022-03-15,132682.2374506842
2022-03-16,133303.5512894702
2022-03-17,134395.8483188767
2022-03-18,134714.3872494067
2022-03-21,134803.07088309308
2022-03-22,134601.66128007346
2022-03-23,134896.2459421201
2022-03-24,135269.03424539173
2022-03-25,135178.67733559804
2022-03-28,134833.01371869724
2022-03-29,133317.9062371275
2022-03-30,133318.69884159937
2022-03-31,134152.34261168417
2022-04-01,134208.089126206
2022-04-04,133314.64775207645
2022-04-05,132858.90018074866
2022-04-06,131963.52132902117
2022-04-07,130827.01458351678
2022-04-08,131662.33162970887
2022-04-11,131777.5234796213
2022-04-12,132053.5259701607
2022-04-13,130837.23037448761
2022-04-14,131149.8688050603
2022-04-15,131549.42952604854
2022-04-18,132259.69120001158
2022-04-19,131688.3995101172
2022-04-20,130996.72000766144
2022-04-21,131709.27142787655
2022-04-22,132085.4943505263
2022-04-25,131937.36538144932
2022-04-26,132377.70119915734
2022-04-27,133389.0645052691
2022-04-28,133586.42301876584
2022-04-29,133914.56127012183
2022-05-02,134486.6455644881
2022-05-03,134951.37598649715
2022-05-04,134886.2943526399
2022-05-05,134957.89295659924
2022-05-06,133841.55359154585
2022-05-09,133090.340686536
2022-05-10,134605.88850392343
2022-05-11,134440.5441840121
2022-05-12,134259.0798185705
2022-05-13,135510.48061801103
2022-05-16,136503.3149866204
2022-05-17,134849.53771311947
2022-05-18,134558.0248180146
2022-05-19,134961.87725342985
2022-05-20,134523.35002621164
2022-05-23,133676.97278457117
2022-05-24,134165.37571512087
2022-05-25,133799.9738597119
2022-05-26,133828.70597317204
2022-05-27,133878.16416892415
2022-05-30,134336.63557751244
2022-05-31,133869.9092496726
2022-06-01,133385.6394761625
2022-06-02,133232.13694476165
2022-06-03,132387.52093948514
2022-06-06,131596.082244651
2022-06-07,132055.52698903458
2022-06-08,130113.97749896234
2022-06-09,130229.77076363564
2022-06-10,130662.88122528518
2022-06-13,130541.55868317703
2022-06-14,130891.80225155818
2022-06-15,130684.87824402246
2022-06-16,132073.3592874776
2022-06-17,132600.13762962847
2022-06-20,132335.98656208074
2022-06-21,132815.19646702128
2022-06-22,133009.29371588782
2022-06-23,133579.42857757208
2022-06-24,133574.76511171486
2022-06-27,134160.8147175088
2022-06-28,133720.73361792677
2022-06-29,134514.65234925924
2022-06-30,135295.13688902714
2022-07-01,134108.4313699792
2022-07-04,132897.1189335645
2022-07-05,132828.09524395943
2022-07-06,131190.5605071711
2022-07-07,131595.83460086747
2022-07-08,131495.78527846033
2022-07-11,131122.93493060922
2022-07-12,131125.45526537867
2022-07-13,132527.8680386368
2022-07-14,133272.32063175866
2022-07-15,136865.81924088104
2022-07-18,140458.92554110158
2022-07-19,144052.11990848565
2022-07-20,147645.5304504445
2022-07-21,151062.59049074538
2022-07-22,150046.4230847713
2022-07-25,149030.5599205355
2022-07-26,148014.39251456142
2022-07-27,146998.22510858733
2022-07-28,145982.05770261324
2022-07-29,144965.89029663915
2022-08-01,143949.72289066506
2022-08-02,142933.55548469097
2022-08-03,141514.4434134326
2022-08-04,139267.61272990023
2022-08-05,141825.7539137841
2022-08-08,144383.76520645185
2022-08-09,146941.77649911965
2022-08-10,149500.3938647357
2022-08-11,152058.40515740344
2022-08-12,154616.4164500712
2022-08-15,157174.427742739
2022-08-16,159732.4390354068
2022-08-17,162291.05640102283
2022-08-18,164849.0676936906
2022-08-19,167407.20887757448
2022-08-22,169965.22017024225
2022-08-23,171836.72789515083
2022-08-24,172683.43265288314
2022-08-25,173530.13741061545
2022-08-26,167910.79250392638
2022-08-29,168241.1990317371
2022-08-30,168165.74708063484
2022-08-31,167799.13578596455
2022-09-01,168867.63277092893
2022-09-02,169580.47116380237
2022-09-05,169157.57514754368
2022-09-06,168931.2192942369
2022-09-07,168757.19301992038
2022-09-08,168888.6254508727
2022-09-09,169186.4781126837
2022-09-12,169138.1036762915
2022-09-13,168488.85180672602
2022-09-14,168892.5805934708
2022-09-15,168888.6254508727
2022-09-16,169078.1680538433
2022-09-19,169767.88407460478
2022-09-20,169581.99237249396
2022-09-21,169575.60329598933
2022-09-22,169580.16692206406
2022-09-23,169595.98749245645
2022-09-26,170362.37243127346
2022-09-27,170261.97265762932
2022-09-28,170646.83845659852
2022-09-29,170727.15827551385
2022-09-30,170599.6809871596
2022-10-03,171028.6618381846
2022-10-04,170821.04961567294
2022-10-05,170418.12189114242
2022-10-06,169753.8982557134
2022-10-07,172079.4473103685
2022-10-10,170852.1183883598
2022-10-11,171008.79409354282
2022-10-12,171774.625371474
2022-10-13,171916.9251763343
2022-10-14,171958.60407130068
2022-10-17,173162.62919180538
2022-10-18,174619.94219438103
2022-10-19,174017.58650698798
2022-10-20,174256.39079212307
2022-10-21,173399.68538658775
2022-10-24,172316.53729227686
2022-10-25,172158.7796731263
2022-10-26,172668.93233073482
2022-10-27,173986.8511472551
2022-10-28,173601.15955883366
2022-10-31,173491.65609734558
2022-11-01,174043.97916914412
2022-11-02,176034.61901521223
2022-11-03,176173.66795601393
2022-11-04,176921.19968810477
2022-11-07,175156.52103143316
2022-11-08,176292.82712332116
2022-11-09,176414.48448908597
2022-11-10,176041.92515822765
2022-11-11,175333.9577780994
2022-11-14,175027.98296248226
2022-11-15,174509.56560707794
2022-11-16,175347.0392152784
2022-11-17,175803.8430015696
2022-11-18,175816.66281000501
2022-11-21,176582.8425855799
2022-11-22,176640.139280424
2022-11-23,176210.67569783694
2022-11-24,177007.98929389787
2022-11-25,177307.94664841265
2022-11-28,176777.10192768826
2022-11-29,176695.34294531943
2022-11-30,176257.8996860532
2022-12-01,175565.63003053976
2022-12-02,176047.8118049582
2022-12-05,177038.20741378138
2022-12-06,176321.99872823036
2022-12-07,176628.36598696286
2022-12-08,176308.3940335642
2022-12-09,176075.28282303415
2022-12-12,175789.97667815984
2022-12-13,175369.8009159699
2022-12-14,175410.74581434022
2022-12-15,175011.76198038028
2022-12-16,175161.80606482358
2022-12-19,175153.433945029
2022-12-20,175051.3987350327
2022-12-21,174618.79560752268
2022-12-22,174353.3732471605
2022-12-23,174735.4820271595
2022-12-26,174997.2415851116
2022-12-27,174530.75753530793
2022-12-28,174595.37983497226
2022-12-29,174978.4043155738
2022-12-30,174170.62556976968
2023-01-02,174448.34448108013
2023-01-03,174142.63129420657
2023-01-04,174433.30082832428
2023-01-05,174078.79388077298
2023-01-06,173228.1080210217
2023-01-09,172482.85854493326
2023-01-10,172520.00982652165
2023-01-11,172653.83292886298
2023-01-12,172254.19502304407
2023-01-13,172558.46925182795
2023-01-16,171813.74303322667
2023-01-17,171799.09182358618
2023-01-18,171273.74130647696
2023-01-19,171002.8247424996
2023-01-20,171037.88299413933
2023-01-23,170678.40510046002
2023-01-24,170527.576129786
2023-01-25,170971.42929326996
2023-01-26,170735.8326096759
2023-01-27,171109.56926988033
2023-01-30,170631.83518410273
2023-01-31,170873.18770005554
2023-02-01,171510.5153194171
2023-02-02,170433.52059646888
2023-02-03,170108.57769694217
2023-02-06,170365.3663087662
2023-02-07,170293.28758990986
2023-02-08,170464.65441695493
2023-02-09,170221.47049979705
2023-02-10,170272.09566167984
2023-02-13,170220.42398482273
2023-02-14,170727.72211862492
2023-02-15,170851.34169996658
2023-02-16,171011.58930540952
2023-02-17,170847.1556400693
2023-02-20,170651.06489675588
2023-02-21,170479.82888408258
2023-02-22,170662.18411835804
2023-02-23,170495.9190518128
2023-02-24,170633.6665853078
2023-02-27,171537.4630800059
2023-02-28,171937.36261456835
2023-03-01,171806.15579966284
2023-03-02,172357.01511927115
2023-03-03,172186.69480720037
2023-03-06,171280.80528255363
2023-03-07,170853.56554428703
2023-03-08,170060.045565008
2023-03-09,169926.4840914103
2023-03-10,169948.06846275568
2023-03-13,170663.23063333236
2023-03-14,170817.72240641652
2023-03-15,170737.66401088098
2023-03-16,171108.7843836496
2023-03-17,170159.8569306839
2023-03-20,170273.27299102597
2023-03-21,170613.52117205213
2023-03-22,169994.63837911296
2023-03-23,170487.8085607618
2023-03-24,170646.35557937145
2023-03-27,170482.57598589017
2023-03-28,170766.57398704658
2023-03-29,171758.53936833123
2023-03-30,171854.42630285342
2023-03-31,171980.13891414372
2023-04-03,171789.01911695834
2023-04-04,171424.96272026637
2023-04-05,171805.3709134321
2023-04-06,171438.30578618898
2023-04-07,171484.48325943088
2023-04-10,171288.39251611746
2023-04-11,171513.00079248115
2023-04-12,171675.07979912913
2023-04-13,172150.72085495808
2023-04-14,171935.6620277351
2023-04-17,171829.70238658506
2023-04-18,171407.5644088183
2023-04-19,171226.64813263252
2023-04-20,171406.25626510038
2023-04-21,171754.09167969038
2023-04-24,171358.24739065339
2023-04-25,171755.0073802929
2023-04-26,172373.62854448849
2023-04-27,172576.78326387858
2023-04-28,173451.0157105521
2023-05-01,173102.39540973137
2023-05-02,172538.45465294406
2023-05-03,171740.617799396
2023-05-04,172421.37579019187
2023-05-05,172734.54539625748
2023-05-08,172724.34187525784
2023-05-09,172868.3684985988
2023-05-10,172363.81746660423
2023-05-11,173490.52165083273
2023-05-12,173567.17887270174
2023-05-15,173634.54827417366
2023-05-16,173994.15698222475
2023-05-17,174240.4804443056
2023-05-18,174364.62328313445
2023-05-19,173997.6889702631
2023-05-22,174239.5647437031
2023-05-23,175164.029909144
2023-05-24,175848.5815167218
2023-05-25,176672.8428733715
2023-05-26,176424.8188244574
2023-05-29,175931.91027155216
2023-05-30,175884.9479120795
2023-05-31,175930.0788703471
2023-06-01,176502.91500441614
2023-06-02,175645.8192404471
2023-06-05,176433.06012988018
2023-06-06,176368.83027333123
2023-06-07,176166.32962580008
2023-06-08,175665.57221058742
2023-06-09,174848.24401564262
2023-06-12,175269.46629280687
2023-06-13,175322.57692775366
2023-06-14,174695.7144581353
2023-06-15,174078.13980891404
2023-06-16,173932.8050418552
2023-06-19,174746.60124876167
2023-06-20,174635.67066148363
2023-06-21,173917.63057472755
2023-06-22,173816.11862221838
2023-06-23,173702.0484900174
2023-06-26,172437.98921540924
2023-06-27,172428.43976626857
2023-06-28,172338.43947847694
2023-06-29,172669.79228222137
2023-06-30,173533.95202226704
2023-07-03,174081.4101682088
2023-07-04,173968.25573661033
2023-07-05,173454.67851296221
2023-07-06,174682.10976346914
2023-07-07,174727.37153610852
2023-07-10,174750.5256799154
2023-07-11,174755.10418292801
2023-07-12,174868.5202432701
2023-07-13,174813.9706502336
2023-07-14,174548.5482898714
2023-07-17,174298.30039663686
2023-07-18,174298.56202538044
2023-07-19,174051.84612018423
2023-07-20,173725.8567056832
2023-07-21,173792.1795921808
2023-07-24,173686.74320851793
2023-07-25,174416.03333124798
2023-07-26,173145.6949667939
2023-07-27,173670.1297833006
2023-07-28,174276.71602529148
2023-07-31,173290.89891948097
2023-08-01,173145.9565955375
2023-08-02,172988.32527753036
2023-08-03,172350.866843797
2023-08-04,172012.7116927195
2023-08-07,171528.69851709597
2023-08-08,172317.90162210588
2023-08-09,172757.69954006435
2023-08-10,173358.52994969647
2023-08-11,173712.90608287597
2023-08-14,173192.78814063835
2023-08-15,172963.33973251845
2023-08-16,173205.60794907378
2023-08-17,172650.30094082464
2023-08-18,172992.77296617124
2023-08-21,172896.75521727727
2023-08-22,172738.73145615478
2023-08-23,173081.20348150138
2023-08-24,173303.4570991728
2023-08-25,173149.88102669118
2023-08-28,173706.10373554286
2023-08-29,173208.74749399675
2023-08-30,173512.10602217808
2023-08-31,173807.61568805203
2023-09-01,173676.14724440294
2023-09-04,173846.5983708455
2023-09-05,173265.91337446903
2023-09-06,173714.08341222207
2023-09-07,173642.1355077375
2023-09-08,173410.33244092535
2023-09-11,173919.200347189
2023-09-12,173598.57432193137
2023-09-13,172948.034451019
2023-09-14,172242.42172958297
2023-09-15,172531.78311998275
2023-09-18,171961.82490209313
2023-09-19,172763.7170011667
2023-09-20,171820.41456618797
2023-09-21,172592.4809884934
2023-09-22,172704.32727637395
2023-09-25,172675.28648583655
2023-09-26,172440.34387410147
2023-09-27,172637.35031801742
2023-09-28,172635.38810244057
2023-09-29,173156.6833740243
2023-10-02,173225.4917335859
2023-10-03,173311.30596148022
2023-10-04,173156.55255965248
2023-10-05,173145.56415242213
2023-10-06,173304.50361414714
2023-10-09,172518.70168280374
2023-10-10,171918.1329019152
2023-10-11,172265.8375021334
2023-10-12,172358.32326298903
2023-10-13,172289.9073465428
2023-10-16,172313.453933465
2023-10-17,172486.2597185998
2023-10-18,172255.11072364662
2023-10-19,171917.74045879985
2023-10-20,172020.4297406551
2023-10-23,171595.6754754525
2023-10-24,171791.37377565057
2023-10-25,171046.90918579287
2023-10-26,171508.94554695563
2023-10-27,171732.37649397322
2023-10-30,171861.0978358147
2023-10-31,172315.28533467007
2023-11-01,173086.1744276294
2023-11-02,173573.71959129124
2023-11-03,172719.37092912983
2023-11-06,172146.2731663172
2023-11-07,171879.41184786533
2023-11-08,171905.96716533872
2023-11-09,172152.55225616315
2023-11-10,171840.0367219565
2023-11-13,171938.40912954268
2023-11-14,171614.77437373388
2023-11-15,171358.50901939697
2023-11-16,170755.06232232906
2023-11-17,170372.03784172752
2023-11-20,169812.2831448375
2023-11-21,169419.84002946707
2023-11-22,169865.91703727146
2023-11-23,169483.93907164424
2023-11-24,170580.29432161743
2023-11-27,170805.68748421184
2023-11-28,170899.74301752896
2023-11-29,170542.88141128543
2023-11-30,170856.18183172285
2023-12-01,170622.02410621848
2023-12-04,170688.60862145966
2023-12-05,171802.10055413735
2023-12-06,171774.10627857427
2023-12-07,172301.15738251674
2023-12-08,171997.40641122003
2023-12-11,171996.62152498928
2023-12-12,172806.75492948564
2023-12-13,172532.96044932888
2023-12-14,173376.5823330035
2023-12-15,173724.67937633707
2023-12-18,173473.3849681282
2023-12-19,173787.07783168097
2023-12-20,174265.7276180611
2023-12-21,174582.16758342145
2023-12-22,173832.47041869216
2023-12-25,173501.77168680666
2023-12-26,173400.78299178468
2023-12-27,173381.55327913153
2023-12-28,173688.70542409478
2023-12-29,173788.90923288604
2024-01-01,173169.24155371613
2024-01-02,173362.19275210658
2024-01-03,173664.5047653136
2024-01-04,173945.62485029062
2024-01-05,174478.4317865919
2024-01-08,174900.1773212433
2024-01-09,175142.7071665422
2024-01-10,175124.5239688634
2024-01-11,174317.26848054642
2024-01-12,174541.22268505115
2024-01-15,174658.6939909187
2024-01-16,174807.82237475945
2024-01-17,174197.05007287127
2024-01-18,173692.10659776133
2024-01-19,174207.5152226145
2024-01-22,174204.50649206332
2024-01-23,174549.20236173033
2024-01-24,174579.15885287029
2024-01-25,174609.90023024098
2024-01-26,176237.36182968214
2024-01-29,177864.6926147515
2024-01-30,179492.02339982087
2024-01-31,181119.35418489025
2024-02-01,182746.6849699596
2024-02-02,181770.286498918
2024-02-05,180793.88802787638
2024-02-06,179817.48955683474
2024-02-07,178841.09108579313
2024-02-08,177864.6926147515
2024-02-09,176888.29414370988
2024-02-12,175911.89567266827
2024-02-13,174935.49720162663
2024-02-14,174271.45191604018
2024-02-15,171244.65391793195
2024-02-16,173766.950403837
2024-02-19,176289.246889742
2024-02-20,178811.8830897701
2024-02-21,181334.1795756751
2024-02-22,183856.47606158015
2024-02-23,186378.77254748516
2024-02-26,188901.06903339017
2024-02-27,191423.43587766553
2024-02-28,193945.73236357057
2024-02-29,196468.0288494756
2024-03-01,198990.32533538062
2024-03-04,201512.62182128563
2024-03-05,203327.729113322
2024-03-06,204141.3945058567
2024-03-07,204955.0598983914
2024-03-08,195582.3799921895
2024-03-11,196890.3046818505
2024-03-12,195183.4692250831
2024-03-13,196407.21702374154
2024-03-14,196794.6379488376
2024-03-15,196812.24186337861
2024-03-18,197428.12188021487
2024-03-19,194953.7244385147
2024-03-20,195722.50173845486
2024-03-21,193557.67536845282
2024-03-22,193731.03184708545
2024-03-25,193767.33170577142
2024-03-26,194060.0500951394
2024-03-27,193767.73854168638
2024-03-28,193612.3022630857
2024-03-29,193101.69309480774
2024-04-01,192149.41505684232
2024-04-02,192254.65481254284
2024-04-03,191498.69687117523
2024-04-04,191630.15752229514
2024-04-05,190454.6703616283
2024-04-08,190622.01943065942
2024-04-09,189118.61678749506
2024-04-10,189081.7893686527
2024-04-11,191345.95692907073
2024-04-12,193100.89842063704
2024-04-15,193525.8349210024
2024-04-16,191990.64692734033
2024-04-17,192148.0188852329
2024-04-18,193150.17060862403
2024-04-19,192732.7499753597
2024-04-22,192546.15216704397
2024-04-23,192614.50865489602
2024-04-24,193152.2824402727
2024-04-25,192137.06734866402
2024-04-26,192411.13167098432
2024-04-29,191740.6325810165
2024-04-30,192219.32352141268
2024-05-01,190615.33609503272
2024-05-02,192739.1403133549
2024-05-03,193295.05722842205
2024-05-06,193769.01641220137
2024-05-07,191157.73819106352
2024-05-08,190999.48389405519
2024-05-09,190287.60263242386
2024-05-10,191327.1469382138
2024-05-13,190802.65930304077
2024-05-14,189567.88786861202
2024-05-15,189783.78371628048
2024-05-16,189599.58842717452
2024-05-17,191607.96338899236
2024-05-20,191855.82572663622
2024-05-21,191835.10078599656
2024-05-22,192622.63005573224
2024-05-23,192587.10779855493
2024-05-24,194133.9001379726
2024-05-27,193958.2443611615
2024-05-28,193869.59474966448
2024-05-29,194700.18320435012
2024-05-30,194852.2819218474
2024-05-31,195222.97829912265
2024-06-03,195471.45494282746
2024-06-04,196639.06169846625
2024-06-05,196487.6859547024
2024-06-06,197166.48790930113
2024-06-07,198924.19160889846
2024-06-10,198081.06214375672
2024-06-11,197696.64057250533
2024-06-12,196670.43388599678
2024-06-13,196892.07504534553
2024-06-14,197276.90255278622
2024-06-17,196383.43700017338
2024-06-18,195910.1154034689
2024-06-19,196174.3798626924
2024-06-20,197159.99293027262
2024-06-21,197332.92174690735
2024-06-24,198105.41831511373
2024-06-25,196950.12392041305
2024-06-26,198726.5006847174
2024-06-27,198398.09830758712
2024-06-28,198768.3121122136
2024-07-01,199858.25078043967
2024-07-02,200128.19834631312
2024-07-03,200235.77143647327
2024-07-04,200400.98746551163
2024-07-05,200152.55451767016
2024-07-08,201499.04485752335
2024-07-09,202081.96922533438
2024-07-10,202800.88221655533
2024-07-11,202623.0821656492
2024-07-12,203336.3120502202
2024-07-15,202531.34058687114
2024-07-16,201821.76412800368
2024-07-17,202033.25688262036
2024-07-18,201853.83308695705
2024-07-19,202360.0355149935
2024-07-22,202200.90852879442
2024-07-23,201141.41507476463
2024-07-24,202043.8112235417
2024-07-25,202481.00449939998
2024-07-26,202476.1332651286
2024-07-29,203809.2277107354
2024-07-30,203290.84719702046
2024-07-31,201602.96452197988
2024-08-01,201425.16447107375
2024-08-02,202349.88711026142
2024-08-05,203413.84586237333
2024-08-06,202424.98530527888
2024-08-07,202088.0582681736
2024-08-08,201495.3914318198
2024-08-09,201178.7612041787
2024-08-12,201752.3490396362
2024-08-13,201283.08680482453
2024-08-14,200884.86340313748
2024-08-15,201134.9200957361
2024-08-16,200832.4976347199
2024-08-19,199166.94145008994
2024-08-20,198988.73546299452
2024-08-21,199225.39626134676
2024-08-22,200476.49159671835
2024-08-23,200974.9812371584
2024-08-26,200963.20908766918
2024-08-27,200269.87007637307
2024-08-28,200250.38513928745
2024-08-29,200712.7464588813
2024-08-30,198718.38196093173
2024-09-02,198449.24626743683
2024-09-03,199498.18538054524
2024-09-04,198858.02401004522
2024-09-05,197380.01034486425
2024-09-06,197242.39797669716
2024-09-09,198415.55356372628
2024-09-10,198478.06773687596
2024-09-11,198694.02578957472
2024-09-12,198685.0951934105
2024-09-13,199647.16396201227
2024-09-16,200332.790185712
2024-09-17,198690.77830006045
2024-09-18,197473.7816045887
2024-09-19,197388.1290686499
2024-09-20,197401.52496289625
2024-09-23,196538.9105606689
2024-09-24,196259.62646244193
2024-09-25,196218.6269073243
2024-09-26,196659.87954507538
2024-09-27,196401.70412869114
2024-09-30,196099.68760386424
2024-10-01,196974.88602795935
2024-10-02,196667.99826886106
2024-10-03,197061.35043627673
2024-10-04,197776.61000179415
2024-10-07,197499.35558451354
2024-10-08,199327.69218104618
2024-10-09,199341.49401148182
2024-10-10,199978.00195627828
2024-10-11,200658.7569457066
2024-10-14,201024.09951606172
2024-10-15,201951.25777238508
2024-10-16,202601.97348380645
2024-10-17,201824.19974513937
2024-10-18,203098.8393794894
2024-10-21,203380.96503104139
2024-10-22,204121.3926402944
2024-10-23,205370.45829471954
2024-10-24,205243.80620366312
2024-10-25,204082.42276612317
2024-10-28,205012.42257577152
2024-10-29,205151.25275250647
2024-10-30,205909.94749027723
2024-10-31,206438.4764087243
2024-11-01,206282.59691203944
2024-11-04,205087.1148345997
2024-11-05,204373.47901383942
2024-11-06,205676.94011762855
2024-11-07,206465.268197217
2024-11-08,206252.55763403245
2024-11-11,205838.90865715264
2024-11-12,205672.88075573568
2024-11-13,204942.6015512148
2024-11-14,204815.5435239691
2024-11-15,204330.44977777533
2024-11-18,205212.95505327758
2024-11-19,204507.03202011366
2024-11-20,203887.16745907784
2024-11-21,203986.62182545228
2024-11-22,203667.5559806755
2024-11-25,204114.08578888729
2024-11-26,203183.27410686034
2024-11-27,203055.40420723608
2024-11-28,202532.55839543897
2024-11-29,202885.3169439263
2024-12-02,203702.0605567646
2024-12-03,201945.57466573513
2024-12-04,202512.6675221641
2024-12-05,202651.9036350883
2024-12-06,200689.20215990287
2024-12-09,201187.69180034293
2024-12-10,200839.80448612705
2024-12-11,201130.0488614647
2024-12-12,200089.22847214196
2024-12-13,201453.98594051285
2024-12-16,201349.66033986703
2024-12-17,202174.11674030172
2024-12-18,201463.3224728664
2024-12-19,201660.20152466887
2024-12-20,201802.68512710734
2024-12-23,203149.17546696053
2024-12-24,201490.92613373767
2024-12-25,201895.238578264
2024-12-26,202820.36715364095
2024-12-27,202845.12926118722
2024-12-30,203471.08286506232
2024-12-31,203406.53901096625
2025-01-01,202894.24754009052
2025-01-02,201997.12856177412
2025-01-03,201304.60142285656
2025-01-06,201423.54072631663
2025-01-07,203071.23571861812
2025-01-08,201598.09328770847
2025-01-09,201000.96115327254
2025-01-10,202498.4597555392
2025-01-13,203441.4495232446
2025-01-14,203086.6612938109
2025-01-15,204255.35158275792
2025-01-16,204640.5850263879
2025-01-17,205271.4098645344
2025-01-20,206123.06398965104
2025-01-21,206384.89283173886
2025-01-22,205784.51320778867
2025-01-23,206594.7618415984
2025-01-24,206818.0267457043
2025-01-27,207664.4037003603
2025-01-28,208555.83957202674
2025-01-29,207568.1968235001
2025-01-30,209538.61108628195
2025-01-31,209858.8947396266
2025-02-03,209482.9978283501
2025-02-04,208634.59119274773
2025-02-05,208371.13860590276
2025-02-06,208184.81389502165
2025-02-07,207553.17718449663
2025-02-10,206844.81853419702
2025-02-11,207692.41329742083
2025-02-12,205350.16148525538
2025-02-13,205734.9889926961
2025-02-14,204977.10612730388
2025-02-17,204871.5627180902
2025-02-18,204142.09538594785
2025-02-19,203438.20203373034
2025-02-20,203717.08019576807
2025-02-21,205007.55134150016
2025-02-24,204848.83029149033
2025-02-25,203260.4019828242
2025-02-26,204462.78497548174
2025-02-27,204002.45333683433
2025-02-28,204000.42365588792
2025-03-03,205683.43509665708
2025-03-04,204432.33976128552
2025-03-05,205713.47437466405
2025-03-06,205155.7180505886
2025-03-07,205407.39848794433
2025-03-10,204914.9978903435
2025-03-11,205307.53818538063
2025-03-12,206622.36550246968
2025-03-13,206350.79419183906
2025-03-14,206544.83169031653
2025-03-17,205633.0990091859
2025-03-18,205873.41323324174
2025-03-19,205890.46255319164
2025-03-20,204613.79323789518
2025-03-21,204217.59951715457
2025-03-24,202736.74429864855
2025-03-25,201732.05223017203
2025-03-26,201496.20330419834
2025-03-27,201471.84713284133
2025-03-28,199989.3681695782
2025-03-31,200827.22046425924
2025-04-01,201302.57174191016
2025-04-02,200912.06112781947
2025-04-03,201259.13656965684
2025-04-04,201167.80092706805
2025-04-07,201456.82749383786
2025-04-08,202090.8998214986
2025-04-09,200887.70495646246
2025-04-10,200441.58108443997
2025-04-11,200827.6264004485
2025-04-14,200959.14972577634
2025-04-15,202707.11095683087
2025-04-16,201434.5010034273
2025-04-17,203018.058077822
2025-04-18,203722.76330241805
2025-04-21,203071.64165480738
2025-04-22,205065.6002165677
2025-04-23,205009.17508625728
2025-04-24,205974.8972805626
2025-04-25,206220.0827388898
2025-04-28,207548.7118864145
2025-04-29,205780.85978208508
2025-04-30,206851.31351322556
2025-05-01,204575.22929991328
2025-05-02,204845.58280197607
2025-05-05,206329.6855099963
2025-05-06,207139.52820761676
2025-05-07,206397.07091741735
2025-05-08,204202.5798781511
2025-05-09,203387.05407388063
2025-05-12,203407.3508833448
2025-05-13,203443.479204191
2025-05-14,203091.126591893
2025-05-15,202148.54276037685
2025-05-16,202762.7242147627
2025-05-19,201432.06538629156
2025-05-20,199375.18671519237
2025-05-21,199998.7047019317
2025-05-22,200004.79374477098
2025-05-23,200160.26730526652
2025-05-26,200276.3650554016
2025-05-27,200493.13498047896
2025-05-28,199819.6868424577
2025-05-29,199060.1802323084
2025-05-30,200321.42397241204
2025-06-02,200338.47329236197
2025-06-03,199419.8396960135
2025-06-04,200449.29387203633
2025-06-05,201283.08680482453
2025-06-06,202234.19529631568
2025-06-09,202074.256437738
2025-06-10,202851.2183040265
2025-06-11,204198.11458006897
2025-06-12,203432.51892708038
2025-06-13,204198.11458006897
2025-06-16,203962.67159028456
2025-06-17,204105.56112891232
2025-06-18,203114.67089087144
2025-06-19,203000.19688549353
2025-06-20,202608.468462835
2025-06-23,202598.32005810292
2025-06-24,202049.4943301917
2025-06-25,202329.18436460797
2025-06-26,201695.51797313654
2025-06-27,202731.87306437714
2025-06-30,203831.554201146
2025-07-01,203797.0496250569
2025-07-02,202718.4771701308
2025-07-03,201709.31980357214
2025-07-04,203050.53297296463
2025-07-07,203376.49973295926
2025-07-08,202823.61464315522
2025-07-09,202638.50774084195
2025-07-10,201541.6681573981
2025-07-11,202426.609050036
2025-07-14,201154.4050328217
2025-07-15,201704.04263311147
2025-07-16,202399.8172615433
2025-07-17,200771.6072063274
2025-07-18,202349.07523788285
2025-07-21,200612.88615631757
2025-07-22,200641.7076257567
2025-07-23,199233.51498513244
2025-07-24,199073.1701903655
2025-07-25,199258.683028868
2025-07-28,198928.65690698058
2025-07-29,201013.13923895103
2025-07-30,201985.76234847418
2025-07-31,201997.12856177412
2025-08-01,202379.11451588984
2025-08-04,203099.65125186797
2025-08-05,201277.40369817457
2025-08-06,201791.3189138074
2025-08-07,203109.79965660005
2025-08-08,202909.26717909402
2025-08-11,202104.29571574496
2025-08-12,202062.89022443804
2025-08-13,201666.6965036974
2025-08-14,201528.27226315174
2025-08-15,202145.70120705187
2025-08-18,201145.47443665745
2025-08-19,200267.43445923735
2025-08-20,201973.1783266064
2025-08-21,200670.52909519582
2025-08-22,201198.6520774536
2025-08-25,202675.44793406676
2025-08-26,202545.54835349604
2025-08-27,202998.1672045471
2025-08-28,201652.0828008832
2025-08-29,201861.95181074273
2025-09-01,202697.36848828805
2025-09-02,201756.40840152904
2025-09-03,202241.09621153347
2025-09-04,201027.34700557598
2025-09-05,202468.0145413429
2025-09-08,202266.26425526905
2025-09-09,202430.26247573955
2025-09-10,202591.41914288508
2025-09-11,200087.6047273848
2025-09-12,200012.91246855663
2025-09-15,200743.59760926684
2025-09-16,200300.72122675861
2025-09-17,199483.16574154177
2025-09-18,199475.45295394535
2025-09-19,199370.72141711024
2025-09-22,198948.14184406618
2025-09-23,198499.1764187187
2025-09-24,198040.0625886391
2025-09-25,197519.65239397774
2025-09-26,199538.37306328432
2025-09-29,200204.10841370915
2025-09-30,199341.89994767113
2025-10-01,199348.39492669966
2025-10-02,199366.2561190281
2025-10-03,199967.8535515462
2025-10-06,199321.19720201765
2025-10-07,200114.3965158775
2025-10-08,200113.58464349897
2025-10-09,199788.8356920722
2025-10-10,200499.2240233182
2025-10-13,200725.73641693837
2025-10-14,200163.10885859153
2025-10-15,199828.61743862196
2025-10-16,200121.29743109533
2025-10-17,200224.40522317332
2025-10-20,201071.99998639713
2025-10-21,199987.74442482108
2025-10-22,200907.1898935481
2025-10-23,201258.73063346752
2025-10-24,200935.19949060865
2025-10-27,200709.49896936704
2025-10-28,201653.30060945105
2025-10-29,202662.86391219898
2025-10-30,202966.09824559372
2025-10-31,203384.61845674494
2025-11-03,202270.32361716186
2025-11-04,203076.1069528895
2025-11-05,203556.32946481183
2025-11-06,201005.0205151654
2025-11-07,201047.64381504012
2025-11-10,200009.66497904237
2025-11-11,200391.6509331581
2025-11-12,201447.89689767364
2025-11-13,201648.42937517964
2025-11-14,201832.72440511434
2025-11-17,201476.71836711274
2025-11-18,203056.6220158039
2025-11-19,203885.5437143207
2025-11-20,204124.23419361937
2025-11-21,205122.43128306736
2025-11-24,204532.20006384922
2025-11-25,203439.4198422982
2025-11-26,203163.78916977474
2025-11-27,200764.30035492033
2025-11-28,200318.17648289778
2025-12-01,199862.71607852177
2025-12-02,200437.52172254713
2025-12-03,199405.22599319933
2025-12-04,198426.10790464765
2025-12-05,199471.39359205254
2025-12-08,199137.71404446155
2025-12-09,198513.3841853436
2025-12-10,198470.76088546883
2025-12-11,198926.22128984486
2025-12-12,198364.81154006586
2025-12-15,198102.98269797806
2025-12-16,198260.08000323075
2025-12-17,199646.3520896337
2025-12-18,200701.78618177067
2025-12-19,201018.01047322244
2025-12-22,203073.26539956452
2025-12-23,201862.7636831213
2025-12-24,200845.89352896626
2025-12-25,201203.9292479143
2025-12-26,201906.6047915639
2025-12-29,204054.8191052519
2025-12-30,205819.8296562563
2025-12-31,206147.42016100805
2026-01-01,205686.68258617134
2026-01-02,206804.63085145794
2026-01-05,206463.2385162706
2026-01-06,206609.3755444126
2026-01-07,208849.33143687865
2026-01-08,208692.64006781526
2026-01-09,209424.137080904
2026-01-12,208410.92035245252
2026-01-13,209380.2959724614
2026-01-14,210327.34510205965
2026-01-15,210542.4912823799
2026-01-16,209600.31338705303
2026-01-19,210305.0186116491
2026-01-20,209523.99738346774
2026-01-21,208285.08013377467
2026-01-22,207338.4369403657
2026-01-23,206466.48600578486
2026-01-26,207240.60631874838
2026-01-27,206406.4074497709
2026-01-28,205359.90395379817
2026-01-29,205372.48797566595
2026-01-30,204719.3366471089
2026-02-02,204271.99496651854
2026-02-03,202992.48409789713
2026-02-04,204386.87490808577
2026-02-05,203974.44373977376
2026-02-06,203790.55464602838
2026-02-09,202528.90496973542
2026-02-10,203183.27410686034
2026-02-11,203569.72535905818
2026-02-12,204217.19358096528
2026-02-13,205212.14318089897
2026-02-16,207483.35615993987
2026-02-17,207863.71836929844
2026-02-18,206777.83906296524
2026-02-19,206131.9945858153
2026-02-20,206446.59513250997
2026-02-23,206096.67813734763
2026-02-24,206296.39874247508
2026-02-25,207347.3675365299
2026-02-26,207500.40547988977
2026-02-27,207325.04104611932
2026-03-02,208457.19707803085
2026-03-03,209771.61845893064
2026-03-04,211052.7530723092
2026-03-05,210901.74480989575
2026-03-06,210890.7845327851
2026-03-09,210748.3009303466
2026-03-10,211183.87046144775
2026-03-11,211665.3107819379
2026-03-12,212993.93992946262
2026-03-13,212631.8448486218
2026-03-16,212806.39741001365
2026-03-17,214157.75898413826
2026-03-18,215143.77798790773
2026-03-19,214999.26470452282
2026-03-20,213571.1811906237
2026-03-23,214286.84669233038
2026-03-24,212106.15748349973
2026-03-25,212556.3407174151
2026-03-26,213642.2200237483
2026-03-27,214650.15958173908
2026-03-30,215006.97749211924
2026-03-31,215461.62602411667
2026-04-01,216717.59259375968
2026-04-02,218062.05325266643
2026-04-03,218324.28803094354
2026-04-06,218033.63771941655
2026-04-07,215712.49458909384
2026-04-08,217231.5078093925
2026-04-09,217660.17642527583
2026-04-10,218275.16975204024
2026-04-13,218643.3538757203
2026-04-14,217192.131999032
2026-04-15,217455.17864968764
2026-04-16,219129.2594942926
2026-04-17,219610.29387859345
2026-04-20,218501.6821456604
2026-04-21,217361.8133261525
2026-04-22,216568.61401229264
2026-04-23,217772.62074970733
2026-04-24,217498.613821941
2026-04-27,220867.47825680432
2026-04-28,219037.51791551453
2026-04-29,219139.0019628354
2026-04-30,219643.986582304
2026-05-01,219832.3409741315
2026-05-04,220243.55433387565
2026-05-05,219678.0852222038
2026-05-06,221242.56329570222
2026-05-07,220039.36843066607
2026-05-08,221420.36334660836
2026-05-11,222509.49014245585
2026-05-12,222207.87955381823
2026-05-13,223033.1478266315
2026-05-14,223059.5336789349
2026-05-15,222326.412921089
2026-05-18,221242.9692318915
2026-05-19,221726.0332971388
2026-05-20,222087.31650560105
2026-05-21,221426.04645325834
2026-05-22,221569.3419280754
2026-05-25,220740.0142933693
2026-05-26,220977.48696410013
2026-05-27,217906.17375598158
2026-05-28,219459.69155236933
2026-05-29,218178.55693899078
2026-06-01,217034.62875759002
